{"cameraMode":{"drawMode":0,"name":"Shaded","section":"Shading Mode"},"sceneLighting":false,"audioPlay":false,"sceneViewState":{"m_AlwaysRefresh":false,"showFog":true,"showSkybox":false,"showFlares":true,"showImageEffects":true,"showParticleSystems":true,"showVisualEffectGraphs":true,"m_FxEnabled":true},"in2DMode":false,"pivot":{"x":0.000003814697265625,"y":119.23753356933594,"z":-0.00000762939453125},"rotation":{"x":0.27542099356651308,"y":-0.6397368907928467,"z":0.2640898525714874,"w":0.6671862006187439},"size":212.4869842529297,"orthographic":false}