{"cameraMode":{"drawMode":0,"name":"Shaded","section":"Shading Mode"},"sceneLighting":false,"audioPlay":false,"sceneViewState":{"m_AlwaysRefresh":false,"showFog":true,"showSkybox":false,"showFlares":true,"showImageEffects":true,"showParticleSystems":true,"showVisualEffectGraphs":true,"m_FxEnabled":true},"in2DMode":false,"pivot":{"x":7.289999961853027,"y":22.030000686645509,"z":-14.430000305175782},"rotation":{"x":-0.018897684291005136,"y":-0.9493613839149475,"z":0.058818966150283816,"w":-0.30845120549201968},"size":6.774949550628662,"orthographic":false}