{"cameraMode":{"drawMode":0,"name":"Shaded","section":"Shading Mode"},"sceneLighting":false,"audioPlay":false,"sceneViewState":{"m_AlwaysRefresh":false,"showFog":true,"showSkybox":false,"showFlares":true,"showImageEffects":true,"showParticleSystems":true,"showVisualEffectGraphs":true,"m_FxEnabled":true},"in2DMode":false,"pivot":{"x":0.000003814697265625,"y":118.53648376464844,"z":-0.00000762939453125},"rotation":{"x":0.018966669216752054,"y":-0.5377251505851746,"z":0.012100874446332455,"w":0.8428202271461487},"size":213.16583251953126,"orthographic":false}