{"cameraMode":{"drawMode":0,"name":"Shaded","section":"Shading Mode"},"sceneLighting":false,"audioPlay":false,"sceneViewState":{"m_AlwaysRefresh":false,"showFog":true,"showSkybox":false,"showFlares":true,"showImageEffects":true,"showParticleSystems":true,"showVisualEffectGraphs":true,"m_FxEnabled":true},"in2DMode":false,"pivot":{"x":51.503902435302737,"y":75.66470336914063,"z":-36.53804016113281},"rotation":{"x":0.5040942430496216,"y":0.0005698790773749352,"z":-0.00028361601289361715,"w":0.8636961579322815},"size":145.3699493408203,"orthographic":false}