{"cameraMode":{"drawMode":0,"name":"Shaded","section":"Shading Mode"},"sceneLighting":false,"audioPlay":false,"sceneViewState":{"m_AlwaysRefresh":false,"showFog":true,"showSkybox":false,"showFlares":true,"showImageEffects":true,"showParticleSystems":true,"showVisualEffectGraphs":true,"m_FxEnabled":true},"in2DMode":false,"pivot":{"x":2.560225486755371,"y":49.499996185302737,"z":1.5079822540283204},"rotation":{"x":-0.5028352737426758,"y":0.003980920184403658,"z":-0.0020954362116754057,"w":-0.864507794380188},"size":63.344215393066409,"orthographic":false}