{"cameraMode":{"drawMode":0,"name":"Shaded","section":"Shading Mode"},"sceneLighting":true,"audioPlay":false,"sceneViewState":{"m_AlwaysRefresh":false,"showFog":true,"showSkybox":false,"showFlares":true,"showImageEffects":true,"showParticleSystems":true,"showVisualEffectGraphs":true,"m_FxEnabled":true},"in2DMode":false,"pivot":{"x":0.04349994659423828,"y":9.685624122619629,"z":0.14750003814697267},"rotation":{"x":0.6195482611656189,"y":0.33006229996681216,"z":-0.3219424784183502,"w":0.6353950500488281},"size":14.109822273254395,"orthographic":false}