{"cameraMode":{"drawMode":0,"name":"Shaded","section":"Shading Mode"},"sceneLighting":false,"audioPlay":false,"sceneViewState":{"m_AlwaysRefresh":false,"showFog":true,"showSkybox":false,"showFlares":true,"showImageEffects":true,"showParticleSystems":true,"showVisualEffectGraphs":true,"m_FxEnabled":true},"in2DMode":false,"pivot":{"x":0.000003814697265625,"y":119.23748779296875,"z":-0.00000762939453125},"rotation":{"x":0.030459024012088777,"y":-0.7823323607444763,"z":-0.03860511630773544,"w":-0.6211651563644409},"size":212.4869384765625,"orthographic":false}