{"cameraMode":{"drawMode":0,"name":"Shaded","section":"Shading Mode"},"sceneLighting":false,"audioPlay":false,"sceneViewState":{"m_AlwaysRefresh":false,"showFog":true,"showSkybox":false,"showFlares":true,"showImageEffects":true,"showParticleSystems":true,"showVisualEffectGraphs":true,"m_FxEnabled":true},"in2DMode":false,"pivot":{"x":-0.1477046012878418,"y":48.69691467285156,"z":-18.820087432861329},"rotation":{"x":0.23018915951251985,"y":0.06627180427312851,"z":-0.015638384968042375,"w":0.9708015322685242},"size":12.245720863342286,"orthographic":false}