{"cameraMode":{"drawMode":0,"name":"Shaded","section":"Shading Mode"},"sceneLighting":true,"audioPlay":false,"sceneViewState":{"m_AlwaysRefresh":false,"showFog":true,"showSkybox":true,"showFlares":true,"showImageEffects":true,"showParticleSystems":true,"showVisualEffectGraphs":true,"m_FxEnabled":true},"in2DMode":false,"pivot":{"x":0.27613675594329836,"y":210.33016967773438,"z":0.18341733515262605},"rotation":{"x":-0.09913872927427292,"y":0.6129336357116699,"z":-0.07773933559656143,"w":-0.7801288962364197},"size":2.022644281387329,"orthographic":false}