{"cameraMode":{"drawMode":0,"name":"Shaded","section":"Shading Mode"},"sceneLighting":true,"audioPlay":false,"sceneViewState":{"m_AlwaysRefresh":false,"showFog":true,"showSkybox":true,"showFlares":true,"showImageEffects":true,"showParticleSystems":true,"showVisualEffectGraphs":true,"m_FxEnabled":true},"in2DMode":false,"pivot":{"x":0.17566776275634767,"y":209.83428955078126,"z":0.9895323514938355},"rotation":{"x":0.441223680973053,"y":0.4355907142162323,"z":-0.25946009159088137,"w":0.7405311465263367},"size":1.405432105064392,"orthographic":false}