{"cameraMode":{"drawMode":0,"name":"Shaded","section":"Shading Mode"},"sceneLighting":true,"audioPlay":false,"sceneViewState":{"m_AlwaysRefresh":false,"showFog":true,"showSkybox":true,"showFlares":true,"showImageEffects":true,"showParticleSystems":true,"showVisualEffectGraphs":true,"m_FxEnabled":true},"in2DMode":false,"pivot":{"x":-21.086288452148439,"y":231.61936950683595,"z":0.9958229064941406},"rotation":{"x":0.04634687304496765,"y":0.556914210319519,"z":-0.031043140217661859,"w":0.8287619948387146},"size":76.16202545166016,"orthographic":false}