{"cameraMode":{"drawMode":0,"name":"Shaded","section":"Shading Mode"},"sceneLighting":false,"audioPlay":false,"sceneViewState":{"m_AlwaysRefresh":false,"showFog":true,"showSkybox":false,"showFlares":true,"showImageEffects":true,"showParticleSystems":true,"showVisualEffectGraphs":true,"m_FxEnabled":true},"in2DMode":false,"pivot":{"x":10.425374984741211,"y":209.03530883789063,"z":18.343769073486329},"rotation":{"x":0.018966669216752054,"y":-0.5377251505851746,"z":0.012100874446332455,"w":0.8428202271461487},"size":15.529693603515625,"orthographic":false}