{"cameraMode":{"drawMode":0,"name":"Shaded","section":"Shading Mode"},"sceneLighting":true,"audioPlay":false,"sceneViewState":{"m_AlwaysRefresh":false,"showFog":true,"showSkybox":false,"showFlares":true,"showImageEffects":true,"showParticleSystems":true,"showVisualEffectGraphs":true,"m_FxEnabled":true},"in2DMode":false,"pivot":{"x":-0.8700318336486816,"y":698.6300048828125,"z":-0.25729307532310488},"rotation":{"x":0.050485335290431979,"y":-0.7422172427177429,"z":0.055799342691898349,"w":0.6660780906677246},"size":3.2699716091156008,"orthographic":false}