{"cameraMode":{"drawMode":0,"name":"Shaded","section":"Shading Mode"},"sceneLighting":true,"audioPlay":false,"sceneViewState":{"m_AlwaysRefresh":false,"showFog":true,"showSkybox":false,"showFlares":true,"showImageEffects":true,"showParticleSystems":true,"showVisualEffectGraphs":true,"m_FxEnabled":true},"in2DMode":false,"pivot":{"x":-10.192673683166504,"y":150.50001525878907,"z":12.400636672973633},"rotation":{"x":0.017107117921113969,"y":-0.9798855781555176,"z":-0.09401057660579682,"w":-0.17589402198791505},"size":80.47460174560547,"orthographic":false}