{"cameraMode":{"drawMode":0,"name":"Shaded","section":"Shading Mode"},"sceneLighting":true,"audioPlay":false,"sceneViewState":{"m_AlwaysRefresh":false,"showFog":true,"showSkybox":false,"showFlares":true,"showImageEffects":true,"showParticleSystems":true,"showVisualEffectGraphs":true,"m_FxEnabled":true},"in2DMode":false,"pivot":{"x":12.505207061767579,"y":9.540775299072266,"z":5.063473224639893},"rotation":{"x":0.009335028007626534,"y":0.9648904204368591,"z":-0.03508266434073448,"w":0.2604418992996216},"size":70.87604522705078,"orthographic":false}