{"cameraMode":{"drawMode":0,"name":"Shaded","section":"Shading Mode"},"sceneLighting":false,"audioPlay":false,"sceneViewState":{"m_AlwaysRefresh":false,"showFog":true,"showSkybox":false,"showFlares":true,"showImageEffects":true,"showParticleSystems":true,"showVisualEffectGraphs":true,"m_FxEnabled":true},"in2DMode":false,"pivot":{"x":-13.233416557312012,"y":1.1521104574203492,"z":0.517268717288971},"rotation":{"x":-0.015089599415659905,"y":-0.7500386834144592,"z":0.017103560268878938,"w":-0.6610162854194641},"size":3.305947780609131,"orthographic":false}