{"cameraMode":{"drawMode":0,"name":"Shaded","section":"Shading Mode"},"sceneLighting":false,"audioPlay":false,"sceneViewState":{"m_AlwaysRefresh":false,"showFog":true,"showSkybox":false,"showFlares":true,"showImageEffects":true,"showParticleSystems":true,"showVisualEffectGraphs":true,"m_FxEnabled":true},"in2DMode":false,"pivot":{"x":-6.389611721038818,"y":174.1416778564453,"z":-5.721678733825684},"rotation":{"x":-0.5879406929016113,"y":-0.0026952570769935848,"z":0.0019473085412755609,"w":-0.8089227080345154},"size":33.36155319213867,"orthographic":false}