{"cameraMode":{"drawMode":0,"name":"Shaded","section":"Shading Mode"},"sceneLighting":false,"audioPlay":false,"sceneViewState":{"m_AlwaysRefresh":false,"showFog":true,"showSkybox":false,"showFlares":true,"showImageEffects":true,"showParticleSystems":true,"showVisualEffectGraphs":true,"m_FxEnabled":true},"in2DMode":false,"pivot":{"x":0.000003814697265625,"y":119.23744201660156,"z":-0.7432823181152344},"rotation":{"x":-0.0894225537776947,"y":-0.7925313711166382,"z":0.12014644593000412,"w":-0.5914115905761719},"size":212.61932373046876,"orthographic":false}