{"cameraMode":{"drawMode":0,"name":"Shaded","section":"Shading Mode"},"sceneLighting":false,"audioPlay":false,"sceneViewState":{"m_AlwaysRefresh":false,"showFog":true,"showSkybox":false,"showFlares":true,"showImageEffects":true,"showParticleSystems":true,"showVisualEffectGraphs":true,"m_FxEnabled":true},"in2DMode":false,"pivot":{"x":-0.5977349281311035,"y":60.804161071777347,"z":-12.427043914794922},"rotation":{"x":-0.15392500162124635,"y":-0.059233807027339938,"z":0.009415796026587487,"w":-0.9863810539245606},"size":15.048842430114746,"orthographic":false}